<?xml version='1.0'?>
<module>
<exporttime>2025-09-08 11:06:38</exporttime>
<name>BOM</name>
<label>Bill Of Materials</label>
<parent>Inventory</parent>
<dependencies>
<vtiger_version>8.3.0</vtiger_version>
</dependencies>
<tables>
<table>
<name>vtiger_bom</name>
<sql><![CDATA[CREATE TABLE `vtiger_bom` (
  `bomid` int NOT NULL,
  `subject` varchar(100) CHARACTER SET utf8mb3 COLLATE utf8mb3_general_ci DEFAULT NULL,
  `contactid` int DEFAULT NULL,
  `account_id` int DEFAULT NULL,
  `pre_tax_total` decimal(25,8) DEFAULT NULL,
  `s_h_percent` decimal(25,3) DEFAULT NULL,
  `currency_id` int DEFAULT NULL,
  `conversion_rate` decimal(10,3) DEFAULT NULL,
  `compound_taxes_info` text NOT NULL,
  `total` decimal(25,8) DEFAULT NULL,
  `subtotal` decimal(27,8) DEFAULT NULL,
  `adjustment` decimal(25,8) DEFAULT NULL,
  `salescommission` decimal(25,3) DEFAULT NULL,
  `exciseduty` decimal(27,8) DEFAULT NULL,
  `taxtype` varchar(25) DEFAULT NULL,
  `discount_percent` decimal(25,3) DEFAULT NULL,
  `discount_amount` decimal(27,8) DEFAULT NULL,
  `tags` varchar(1) DEFAULT NULL,
  `s_h_amount` decimal(25,8) DEFAULT NULL,
  `qty_multiple` varchar(250) DEFAULT NULL,
  `atomglobalpricehike` varchar(250) DEFAULT NULL,
  `bom_no` varchar(250) DEFAULT NULL,
  PRIMARY KEY (`bomid`)
) ENGINE=InnoDB DEFAULT CHARSET=utf8mb3]]></sql>
</table>
<table>
<name>vtiger_bomcf</name>
<sql><![CDATA[CREATE TABLE `vtiger_bomcf` (
  `bomid` int NOT NULL,
  PRIMARY KEY (`bomid`)
) ENGINE=InnoDB DEFAULT CHARSET=utf8mb3]]></sql>
</table>
</tables>
<blocks>
<block>
<label>Bill Of Materials Information</label>
<fields>
<field>
<fieldname>subject</fieldname>
<uitype>1</uitype>
<columnname>subject</columnname>
<tablename>vtiger_bom</tablename>
<generatedtype>1</generatedtype>
<fieldlabel>Subject</fieldlabel>
<readonly>1</readonly>
<presence>2</presence>
<defaultvalue></defaultvalue>
<sequence>1</sequence>
<maximumlength>100</maximumlength>
<typeofdata>V~M</typeofdata>
<quickcreate>1</quickcreate>
<quickcreatesequence>0</quickcreatesequence>
<displaytype>1</displaytype>
<info_type>BAS</info_type>
<helpinfo><![CDATA[]]></helpinfo>
<masseditable>1</masseditable>
<summaryfield>1</summaryfield>
<entityidentifier>
<entityidfield>bomid</entityidfield>
<entityidcolumn>bomid</entityidcolumn>
</entityidentifier>
</field>
<field>
<fieldname>contact_id</fieldname>
<uitype>57</uitype>
<columnname>contactid</columnname>
<tablename>vtiger_bom</tablename>
<generatedtype>1</generatedtype>
<fieldlabel>Contact Name</fieldlabel>
<readonly>1</readonly>
<presence>2</presence>
<defaultvalue></defaultvalue>
<sequence>2</sequence>
<maximumlength>100</maximumlength>
<typeofdata>V~O</typeofdata>
<quickcreate>1</quickcreate>
<quickcreatesequence>0</quickcreatesequence>
<displaytype>1</displaytype>
<info_type>BAS</info_type>
<helpinfo><![CDATA[]]></helpinfo>
<masseditable>1</masseditable>
<summaryfield>1</summaryfield>
</field>
<field>
<fieldname>account_id</fieldname>
<uitype>73</uitype>
<columnname>account_id</columnname>
<tablename>vtiger_bom</tablename>
<generatedtype>1</generatedtype>
<fieldlabel>Organization Name</fieldlabel>
<readonly>1</readonly>
<presence>2</presence>
<defaultvalue></defaultvalue>
<sequence>3</sequence>
<maximumlength>100</maximumlength>
<typeofdata>V~O</typeofdata>
<quickcreate>1</quickcreate>
<quickcreatesequence>0</quickcreatesequence>
<displaytype>1</displaytype>
<info_type>BAS</info_type>
<helpinfo><![CDATA[]]></helpinfo>
<masseditable>1</masseditable>
<summaryfield>1</summaryfield>
</field>
<field>
<fieldname>assigned_user_id</fieldname>
<uitype>53</uitype>
<columnname>smownerid</columnname>
<tablename>vtiger_crmentity</tablename>
<generatedtype>1</generatedtype>
<fieldlabel>Assigned To</fieldlabel>
<readonly>1</readonly>
<presence>2</presence>
<defaultvalue></defaultvalue>
<sequence>4</sequence>
<maximumlength>100</maximumlength>
<typeofdata>V~M</typeofdata>
<quickcreate>1</quickcreate>
<quickcreatesequence>0</quickcreatesequence>
<displaytype>1</displaytype>
<info_type>BAS</info_type>
<helpinfo><![CDATA[]]></helpinfo>
<masseditable>1</masseditable>
<summaryfield>1</summaryfield>
</field>
<field>
<fieldname>createdtime</fieldname>
<uitype>70</uitype>
<columnname>createdtime</columnname>
<tablename>vtiger_crmentity</tablename>
<generatedtype>1</generatedtype>
<fieldlabel>Created Time</fieldlabel>
<readonly>1</readonly>
<presence>2</presence>
<defaultvalue></defaultvalue>
<sequence>5</sequence>
<maximumlength>100</maximumlength>
<typeofdata>DT~O</typeofdata>
<quickcreate>1</quickcreate>
<quickcreatesequence>0</quickcreatesequence>
<displaytype>2</displaytype>
<info_type>BAS</info_type>
<helpinfo><![CDATA[]]></helpinfo>
<masseditable>1</masseditable>
<summaryfield>1</summaryfield>
</field>
<field>
<fieldname>modifiedtime</fieldname>
<uitype>70</uitype>
<columnname>modifiedtime</columnname>
<tablename>vtiger_crmentity</tablename>
<generatedtype>1</generatedtype>
<fieldlabel>Modified Time</fieldlabel>
<readonly>1</readonly>
<presence>2</presence>
<defaultvalue></defaultvalue>
<sequence>6</sequence>
<maximumlength>100</maximumlength>
<typeofdata>DT~O</typeofdata>
<quickcreate>1</quickcreate>
<quickcreatesequence>0</quickcreatesequence>
<displaytype>2</displaytype>
<info_type>BAS</info_type>
<helpinfo><![CDATA[]]></helpinfo>
<masseditable>1</masseditable>
<summaryfield>1</summaryfield>
</field>
<field>
<fieldname>source</fieldname>
<uitype>1</uitype>
<columnname>source</columnname>
<tablename>vtiger_crmentity</tablename>
<generatedtype>1</generatedtype>
<fieldlabel>Source</fieldlabel>
<readonly>1</readonly>
<presence>2</presence>
<defaultvalue></defaultvalue>
<sequence>7</sequence>
<maximumlength>100</maximumlength>
<typeofdata>V~O</typeofdata>
<quickcreate>3</quickcreate>
<quickcreatesequence>1</quickcreatesequence>
<displaytype>2</displaytype>
<info_type>BAS</info_type>
<helpinfo><![CDATA[]]></helpinfo>
<masseditable>0</masseditable>
<summaryfield>0</summaryfield>
</field>
<field>
<fieldname>starred</fieldname>
<uitype>56</uitype>
<columnname>starred</columnname>
<tablename>vtiger_crmentity_user_field</tablename>
<generatedtype>1</generatedtype>
<fieldlabel>starred</fieldlabel>
<readonly>1</readonly>
<presence>2</presence>
<defaultvalue></defaultvalue>
<sequence>8</sequence>
<maximumlength>100</maximumlength>
<typeofdata>C~O</typeofdata>
<quickcreate>3</quickcreate>
<quickcreatesequence>2</quickcreatesequence>
<displaytype>6</displaytype>
<info_type>BAS</info_type>
<helpinfo><![CDATA[]]></helpinfo>
<masseditable>0</masseditable>
<summaryfield>0</summaryfield>
</field>
<field>
<fieldname>tags</fieldname>
<uitype>1</uitype>
<columnname>tags</columnname>
<tablename>vtiger_bom</tablename>
<generatedtype>1</generatedtype>
<fieldlabel>tags</fieldlabel>
<readonly>1</readonly>
<presence>2</presence>
<defaultvalue></defaultvalue>
<sequence>9</sequence>
<maximumlength>100</maximumlength>
<typeofdata>V~O</typeofdata>
<quickcreate>3</quickcreate>
<quickcreatesequence>3</quickcreatesequence>
<displaytype>6</displaytype>
<info_type>BAS</info_type>
<helpinfo><![CDATA[]]></helpinfo>
<masseditable>0</masseditable>
<summaryfield>0</summaryfield>
</field>
<field>
<fieldname>bom_no</fieldname>
<uitype>4</uitype>
<columnname>bom_no</columnname>
<tablename>vtiger_bom</tablename>
<generatedtype>1</generatedtype>
<fieldlabel>BOM No</fieldlabel>
<readonly>1</readonly>
<presence>2</presence>
<defaultvalue></defaultvalue>
<sequence>29</sequence>
<maximumlength>100</maximumlength>
<typeofdata>V~O</typeofdata>
<quickcreate>1</quickcreate>
<quickcreatesequence>0</quickcreatesequence>
<displaytype>1</displaytype>
<info_type>BAS</info_type>
<helpinfo><![CDATA[]]></helpinfo>
<masseditable>1</masseditable>
<summaryfield>0</summaryfield>
</field>
</fields>
</block>
<block>
<label>LBL_ITEM_DETAILS</label>
<fields>
<field>
<fieldname>productid</fieldname>
<uitype>10</uitype>
<columnname>productid</columnname>
<tablename>vtiger_inventoryproductrel</tablename>
<generatedtype>1</generatedtype>
<fieldlabel>Item Name</fieldlabel>
<readonly>1</readonly>
<presence>2</presence>
<defaultvalue></defaultvalue>
<sequence>1</sequence>
<maximumlength>100</maximumlength>
<typeofdata>V~M</typeofdata>
<quickcreate>1</quickcreate>
<quickcreatesequence>0</quickcreatesequence>
<displaytype>5</displaytype>
<info_type>BAS</info_type>
<helpinfo><![CDATA[]]></helpinfo>
<masseditable>1</masseditable>
<summaryfield>0</summaryfield>
<relatedmodules>
<relatedmodule>Products</relatedmodule>
<relatedmodule>Services</relatedmodule>
</relatedmodules>
</field>
<field>
<fieldname>quantity</fieldname>
<uitype>7</uitype>
<columnname>quantity</columnname>
<tablename>vtiger_inventoryproductrel</tablename>
<generatedtype>1</generatedtype>
<fieldlabel>Quantity</fieldlabel>
<readonly>1</readonly>
<presence>2</presence>
<defaultvalue></defaultvalue>
<sequence>2</sequence>
<maximumlength>100</maximumlength>
<typeofdata>N~O</typeofdata>
<quickcreate>1</quickcreate>
<quickcreatesequence>0</quickcreatesequence>
<displaytype>5</displaytype>
<info_type>BAS</info_type>
<helpinfo><![CDATA[]]></helpinfo>
<masseditable>1</masseditable>
<summaryfield>0</summaryfield>
</field>
<field>
<fieldname>listprice</fieldname>
<uitype>71</uitype>
<columnname>listprice</columnname>
<tablename>vtiger_inventoryproductrel</tablename>
<generatedtype>1</generatedtype>
<fieldlabel>List Price</fieldlabel>
<readonly>1</readonly>
<presence>2</presence>
<defaultvalue></defaultvalue>
<sequence>3</sequence>
<maximumlength>100</maximumlength>
<typeofdata>N~O</typeofdata>
<quickcreate>1</quickcreate>
<quickcreatesequence>0</quickcreatesequence>
<displaytype>5</displaytype>
<info_type>BAS</info_type>
<helpinfo><![CDATA[]]></helpinfo>
<masseditable>1</masseditable>
<summaryfield>0</summaryfield>
</field>
<field>
<fieldname>comment</fieldname>
<uitype>19</uitype>
<columnname>comment</columnname>
<tablename>vtiger_inventoryproductrel</tablename>
<generatedtype>1</generatedtype>
<fieldlabel>Item Comment</fieldlabel>
<readonly>1</readonly>
<presence>2</presence>
<defaultvalue></defaultvalue>
<sequence>4</sequence>
<maximumlength>100</maximumlength>
<typeofdata>V~O</typeofdata>
<quickcreate>1</quickcreate>
<quickcreatesequence>0</quickcreatesequence>
<displaytype>5</displaytype>
<info_type>BAS</info_type>
<helpinfo><![CDATA[]]></helpinfo>
<masseditable>1</masseditable>
<summaryfield>0</summaryfield>
</field>
<field>
<fieldname>discount_amount</fieldname>
<uitype>71</uitype>
<columnname>discount_amount</columnname>
<tablename>vtiger_inventoryproductrel</tablename>
<generatedtype>1</generatedtype>
<fieldlabel>Item Discount Amount</fieldlabel>
<readonly>1</readonly>
<presence>2</presence>
<defaultvalue></defaultvalue>
<sequence>5</sequence>
<maximumlength>100</maximumlength>
<typeofdata>N~O</typeofdata>
<quickcreate>1</quickcreate>
<quickcreatesequence>0</quickcreatesequence>
<displaytype>5</displaytype>
<info_type>BAS</info_type>
<helpinfo><![CDATA[]]></helpinfo>
<masseditable>1</masseditable>
<summaryfield>0</summaryfield>
</field>
<field>
<fieldname>discount_percent</fieldname>
<uitype>7</uitype>
<columnname>discount_percent</columnname>
<tablename>vtiger_inventoryproductrel</tablename>
<generatedtype>1</generatedtype>
<fieldlabel>Item Discount Percent</fieldlabel>
<readonly>1</readonly>
<presence>2</presence>
<defaultvalue></defaultvalue>
<sequence>6</sequence>
<maximumlength>100</maximumlength>
<typeofdata>V~O</typeofdata>
<quickcreate>1</quickcreate>
<quickcreatesequence>0</quickcreatesequence>
<displaytype>5</displaytype>
<info_type>BAS</info_type>
<helpinfo><![CDATA[]]></helpinfo>
<masseditable>1</masseditable>
<summaryfield>0</summaryfield>
</field>
<field>
<fieldname>tax1</fieldname>
<uitype>83</uitype>
<columnname>tax1</columnname>
<tablename>vtiger_inventoryproductrel</tablename>
<generatedtype>1</generatedtype>
<fieldlabel>VAT</fieldlabel>
<readonly>1</readonly>
<presence>2</presence>
<defaultvalue></defaultvalue>
<sequence>7</sequence>
<maximumlength>100</maximumlength>
<typeofdata>V~O</typeofdata>
<quickcreate>1</quickcreate>
<quickcreatesequence>0</quickcreatesequence>
<displaytype>5</displaytype>
<info_type>BAS</info_type>
<helpinfo><![CDATA[]]></helpinfo>
<masseditable>1</masseditable>
<summaryfield>0</summaryfield>
</field>
<field>
<fieldname>tax2</fieldname>
<uitype>83</uitype>
<columnname>tax2</columnname>
<tablename>vtiger_inventoryproductrel</tablename>
<generatedtype>1</generatedtype>
<fieldlabel>Sales</fieldlabel>
<readonly>1</readonly>
<presence>2</presence>
<defaultvalue></defaultvalue>
<sequence>8</sequence>
<maximumlength>100</maximumlength>
<typeofdata>V~O</typeofdata>
<quickcreate>1</quickcreate>
<quickcreatesequence>0</quickcreatesequence>
<displaytype>5</displaytype>
<info_type>BAS</info_type>
<helpinfo><![CDATA[]]></helpinfo>
<masseditable>1</masseditable>
<summaryfield>0</summaryfield>
</field>
<field>
<fieldname>tax3</fieldname>
<uitype>83</uitype>
<columnname>tax3</columnname>
<tablename>vtiger_inventoryproductrel</tablename>
<generatedtype>1</generatedtype>
<fieldlabel>Service</fieldlabel>
<readonly>1</readonly>
<presence>2</presence>
<defaultvalue></defaultvalue>
<sequence>9</sequence>
<maximumlength>100</maximumlength>
<typeofdata>V~O</typeofdata>
<quickcreate>1</quickcreate>
<quickcreatesequence>0</quickcreatesequence>
<displaytype>5</displaytype>
<info_type>BAS</info_type>
<helpinfo><![CDATA[]]></helpinfo>
<masseditable>1</masseditable>
<summaryfield>0</summaryfield>
</field>
<field>
<fieldname>pre_tax_total</fieldname>
<uitype>72</uitype>
<columnname>pre_tax_total</columnname>
<tablename>vtiger_bom</tablename>
<generatedtype>1</generatedtype>
<fieldlabel>Pre Tax Total</fieldlabel>
<readonly>1</readonly>
<presence>2</presence>
<defaultvalue></defaultvalue>
<sequence>10</sequence>
<maximumlength>100</maximumlength>
<typeofdata>N~O</typeofdata>
<quickcreate>1</quickcreate>
<quickcreatesequence>0</quickcreatesequence>
<displaytype>3</displaytype>
<info_type>BAS</info_type>
<helpinfo><![CDATA[]]></helpinfo>
<masseditable>1</masseditable>
<summaryfield>0</summaryfield>
</field>
<field>
<fieldname>hdnS_H_Percent</fieldname>
<uitype>1</uitype>
<columnname>s_h_percent</columnname>
<tablename>vtiger_bom</tablename>
<generatedtype>1</generatedtype>
<fieldlabel>S&amp;H Percent</fieldlabel>
<readonly>1</readonly>
<presence>2</presence>
<defaultvalue></defaultvalue>
<sequence>11</sequence>
<maximumlength>100</maximumlength>
<typeofdata>N~O</typeofdata>
<quickcreate>1</quickcreate>
<quickcreatesequence>0</quickcreatesequence>
<displaytype>3</displaytype>
<info_type>BAS</info_type>
<helpinfo><![CDATA[]]></helpinfo>
<masseditable>1</masseditable>
<summaryfield>0</summaryfield>
</field>
<field>
<fieldname>image</fieldname>
<uitype>56</uitype>
<columnname>image</columnname>
<tablename>vtiger_inventoryproductrel</tablename>
<generatedtype>1</generatedtype>
<fieldlabel>Image</fieldlabel>
<readonly>1</readonly>
<presence>1</presence>
<defaultvalue></defaultvalue>
<sequence>12</sequence>
<maximumlength>100</maximumlength>
<typeofdata>V~O</typeofdata>
<quickcreate>1</quickcreate>
<quickcreatesequence>0</quickcreatesequence>
<displaytype>5</displaytype>
<info_type>BAS</info_type>
<helpinfo><![CDATA[]]></helpinfo>
<masseditable>1</masseditable>
<summaryfield>0</summaryfield>
</field>
<field>
<fieldname>purchase_cost</fieldname>
<uitype>71</uitype>
<columnname>purchase_cost</columnname>
<tablename>vtiger_inventoryproductrel</tablename>
<generatedtype>1</generatedtype>
<fieldlabel>Purchase Cost</fieldlabel>
<readonly>1</readonly>
<presence>1</presence>
<defaultvalue></defaultvalue>
<sequence>13</sequence>
<maximumlength>100</maximumlength>
<typeofdata>N~O</typeofdata>
<quickcreate>1</quickcreate>
<quickcreatesequence>0</quickcreatesequence>
<displaytype>5</displaytype>
<info_type>BAS</info_type>
<helpinfo><![CDATA[]]></helpinfo>
<masseditable>1</masseditable>
<summaryfield>0</summaryfield>
</field>
<field>
<fieldname>margin</fieldname>
<uitype>71</uitype>
<columnname>margin</columnname>
<tablename>vtiger_inventoryproductrel</tablename>
<generatedtype>1</generatedtype>
<fieldlabel>Margin</fieldlabel>
<readonly>1</readonly>
<presence>1</presence>
<defaultvalue></defaultvalue>
<sequence>14</sequence>
<maximumlength>100</maximumlength>
<typeofdata>N~O</typeofdata>
<quickcreate>1</quickcreate>
<quickcreatesequence>0</quickcreatesequence>
<displaytype>5</displaytype>
<info_type>BAS</info_type>
<helpinfo><![CDATA[]]></helpinfo>
<masseditable>1</masseditable>
<summaryfield>0</summaryfield>
</field>
<field>
<fieldname>currency_id</fieldname>
<uitype>117</uitype>
<columnname>currency_id</columnname>
<tablename>vtiger_bom</tablename>
<generatedtype>1</generatedtype>
<fieldlabel>Currency</fieldlabel>
<readonly>1</readonly>
<presence>2</presence>
<defaultvalue></defaultvalue>
<sequence>16</sequence>
<maximumlength>100</maximumlength>
<typeofdata>I~O</typeofdata>
<quickcreate>1</quickcreate>
<quickcreatesequence>0</quickcreatesequence>
<displaytype>3</displaytype>
<info_type>BAS</info_type>
<helpinfo><![CDATA[]]></helpinfo>
<masseditable>1</masseditable>
<summaryfield>0</summaryfield>
</field>
<field>
<fieldname>conversion_rate</fieldname>
<uitype>1</uitype>
<columnname>conversion_rate</columnname>
<tablename>vtiger_bom</tablename>
<generatedtype>1</generatedtype>
<fieldlabel>Conversion Rate</fieldlabel>
<readonly>1</readonly>
<presence>2</presence>
<defaultvalue></defaultvalue>
<sequence>17</sequence>
<maximumlength>100</maximumlength>
<typeofdata>N~O</typeofdata>
<quickcreate>1</quickcreate>
<quickcreatesequence>0</quickcreatesequence>
<displaytype>3</displaytype>
<info_type>BAS</info_type>
<helpinfo><![CDATA[]]></helpinfo>
<masseditable>1</masseditable>
<summaryfield>0</summaryfield>
</field>
<field>
<fieldname>hdnGrandTotal</fieldname>
<uitype>72</uitype>
<columnname>total</columnname>
<tablename>vtiger_bom</tablename>
<generatedtype>1</generatedtype>
<fieldlabel>Total</fieldlabel>
<readonly>1</readonly>
<presence>2</presence>
<defaultvalue></defaultvalue>
<sequence>18</sequence>
<maximumlength>100</maximumlength>
<typeofdata>N~O</typeofdata>
<quickcreate>1</quickcreate>
<quickcreatesequence>0</quickcreatesequence>
<displaytype>3</displaytype>
<info_type>BAS</info_type>
<helpinfo><![CDATA[]]></helpinfo>
<masseditable>1</masseditable>
<summaryfield>0</summaryfield>
</field>
<field>
<fieldname>hdnSubTotal</fieldname>
<uitype>72</uitype>
<columnname>subtotal</columnname>
<tablename>vtiger_bom</tablename>
<generatedtype>1</generatedtype>
<fieldlabel>Sub Total</fieldlabel>
<readonly>1</readonly>
<presence>2</presence>
<defaultvalue></defaultvalue>
<sequence>19</sequence>
<maximumlength>100</maximumlength>
<typeofdata>N~O</typeofdata>
<quickcreate>1</quickcreate>
<quickcreatesequence>0</quickcreatesequence>
<displaytype>3</displaytype>
<info_type>BAS</info_type>
<helpinfo><![CDATA[]]></helpinfo>
<masseditable>1</masseditable>
<summaryfield>0</summaryfield>
</field>
<field>
<fieldname>txtAdjustment</fieldname>
<uitype>72</uitype>
<columnname>adjustment</columnname>
<tablename>vtiger_bom</tablename>
<generatedtype>1</generatedtype>
<fieldlabel>Adjustment</fieldlabel>
<readonly>1</readonly>
<presence>2</presence>
<defaultvalue></defaultvalue>
<sequence>20</sequence>
<maximumlength>100</maximumlength>
<typeofdata>V~O</typeofdata>
<quickcreate>1</quickcreate>
<quickcreatesequence>0</quickcreatesequence>
<displaytype>3</displaytype>
<info_type>BAS</info_type>
<helpinfo><![CDATA[]]></helpinfo>
<masseditable>1</masseditable>
<summaryfield>0</summaryfield>
</field>
<field>
<fieldname>salescommission</fieldname>
<uitype>1</uitype>
<columnname>salescommission</columnname>
<tablename>vtiger_bom</tablename>
<generatedtype>1</generatedtype>
<fieldlabel>Sales Commission</fieldlabel>
<readonly>1</readonly>
<presence>2</presence>
<defaultvalue></defaultvalue>
<sequence>21</sequence>
<maximumlength>100</maximumlength>
<typeofdata>N~O</typeofdata>
<quickcreate>1</quickcreate>
<quickcreatesequence>0</quickcreatesequence>
<displaytype>3</displaytype>
<info_type>BAS</info_type>
<helpinfo><![CDATA[]]></helpinfo>
<masseditable>1</masseditable>
<summaryfield>0</summaryfield>
</field>
<field>
<fieldname>exciseduty</fieldname>
<uitype>1</uitype>
<columnname>exciseduty</columnname>
<tablename>vtiger_bom</tablename>
<generatedtype>1</generatedtype>
<fieldlabel>Excise Duty</fieldlabel>
<readonly>1</readonly>
<presence>2</presence>
<defaultvalue></defaultvalue>
<sequence>22</sequence>
<maximumlength>100</maximumlength>
<typeofdata>N~O</typeofdata>
<quickcreate>1</quickcreate>
<quickcreatesequence>0</quickcreatesequence>
<displaytype>3</displaytype>
<info_type>BAS</info_type>
<helpinfo><![CDATA[]]></helpinfo>
<masseditable>1</masseditable>
<summaryfield>0</summaryfield>
</field>
<field>
<fieldname>hdnTaxType</fieldname>
<uitype>16</uitype>
<columnname>taxtype</columnname>
<tablename>vtiger_bom</tablename>
<generatedtype>1</generatedtype>
<fieldlabel>Tax Type</fieldlabel>
<readonly>1</readonly>
<presence>2</presence>
<defaultvalue></defaultvalue>
<sequence>23</sequence>
<maximumlength>100</maximumlength>
<typeofdata>V~O</typeofdata>
<quickcreate>1</quickcreate>
<quickcreatesequence>0</quickcreatesequence>
<displaytype>3</displaytype>
<info_type>BAS</info_type>
<helpinfo><![CDATA[]]></helpinfo>
<masseditable>1</masseditable>
<summaryfield>0</summaryfield>
<picklistvalues>
</picklistvalues>
</field>
<field>
<fieldname>hdnDiscountPercent</fieldname>
<uitype>1</uitype>
<columnname>discount_percent</columnname>
<tablename>vtiger_bom</tablename>
<generatedtype>1</generatedtype>
<fieldlabel>Discount Percent</fieldlabel>
<readonly>1</readonly>
<presence>2</presence>
<defaultvalue></defaultvalue>
<sequence>24</sequence>
<maximumlength>100</maximumlength>
<typeofdata>N~O</typeofdata>
<quickcreate>1</quickcreate>
<quickcreatesequence>0</quickcreatesequence>
<displaytype>3</displaytype>
<info_type>BAS</info_type>
<helpinfo><![CDATA[]]></helpinfo>
<masseditable>1</masseditable>
<summaryfield>0</summaryfield>
</field>
<field>
<fieldname>hdnDiscountAmount</fieldname>
<uitype>72</uitype>
<columnname>discount_amount</columnname>
<tablename>vtiger_bom</tablename>
<generatedtype>1</generatedtype>
<fieldlabel>Discount Amount</fieldlabel>
<readonly>1</readonly>
<presence>2</presence>
<defaultvalue></defaultvalue>
<sequence>25</sequence>
<maximumlength>100</maximumlength>
<typeofdata>N~O</typeofdata>
<quickcreate>1</quickcreate>
<quickcreatesequence>0</quickcreatesequence>
<displaytype>3</displaytype>
<info_type>BAS</info_type>
<helpinfo><![CDATA[]]></helpinfo>
<masseditable>1</masseditable>
<summaryfield>0</summaryfield>
</field>
<field>
<fieldname>hdnS_H_Amount</fieldname>
<uitype>72</uitype>
<columnname>s_h_amount</columnname>
<tablename>vtiger_bom</tablename>
<generatedtype>1</generatedtype>
<fieldlabel>S&amp;H Amount</fieldlabel>
<readonly>1</readonly>
<presence>2</presence>
<defaultvalue></defaultvalue>
<sequence>26</sequence>
<maximumlength>100</maximumlength>
<typeofdata>N~O</typeofdata>
<quickcreate>1</quickcreate>
<quickcreatesequence>0</quickcreatesequence>
<displaytype>3</displaytype>
<info_type>BAS</info_type>
<helpinfo><![CDATA[]]></helpinfo>
<masseditable>1</masseditable>
<summaryfield>0</summaryfield>
</field>
<field>
<fieldname>qty_multiple</fieldname>
<uitype>1</uitype>
<columnname>qty_multiple</columnname>
<tablename>vtiger_bom</tablename>
<generatedtype>1</generatedtype>
<fieldlabel>Qty Multiplayer</fieldlabel>
<readonly>1</readonly>
<presence>2</presence>
<defaultvalue></defaultvalue>
<sequence>27</sequence>
<maximumlength>100</maximumlength>
<typeofdata>V~O</typeofdata>
<quickcreate>1</quickcreate>
<quickcreatesequence>0</quickcreatesequence>
<displaytype>5</displaytype>
<info_type>BAS</info_type>
<helpinfo><![CDATA[]]></helpinfo>
<masseditable>1</masseditable>
<summaryfield>0</summaryfield>
</field>
<field>
<fieldname>atomglobalpricehike</fieldname>
<uitype>1</uitype>
<columnname>atomglobalpricehike</columnname>
<tablename>vtiger_bom</tablename>
<generatedtype>1</generatedtype>
<fieldlabel>Global Price Hike</fieldlabel>
<readonly>1</readonly>
<presence>2</presence>
<defaultvalue></defaultvalue>
<sequence>28</sequence>
<maximumlength>100</maximumlength>
<typeofdata>V~O</typeofdata>
<quickcreate>1</quickcreate>
<quickcreatesequence>0</quickcreatesequence>
<displaytype>5</displaytype>
<info_type>BAS</info_type>
<helpinfo><![CDATA[]]></helpinfo>
<masseditable>1</masseditable>
<summaryfield>0</summaryfield>
</field>
</fields>
</block>
</blocks>
<customviews>
<customview>
<viewname>All</viewname>
<setdefault>true</setdefault>
<setmetrics>false</setmetrics>
<fields>
<field>
<fieldname>subject</fieldname>
<columnindex>0</columnindex>
</field>
<field>
<fieldname>account_id</fieldname>
<columnindex>1</columnindex>
</field>
<field>
<fieldname>hdnGrandTotal</fieldname>
<columnindex>2</columnindex>
</field>
<field>
<fieldname>conversion_rate</fieldname>
<columnindex>3</columnindex>
</field>
<field>
<fieldname>hdnSubTotal</fieldname>
<columnindex>4</columnindex>
</field>
<field>
<fieldname>hdnDiscountAmount</fieldname>
<columnindex>5</columnindex>
</field>
<field>
<fieldname>hdnTaxType</fieldname>
<columnindex>6</columnindex>
</field>
<field>
<fieldname>assigned_user_id</fieldname>
<columnindex>7</columnindex>
</field>
<field>
<fieldname>createdtime</fieldname>
<columnindex>8</columnindex>
</field>
</fields>
</customview>
</customviews>
<sharingaccess>
<default>public_readwritedelete</default>
</sharingaccess>
<crons>
</crons>
</module>
